Workbook

Sheet RTM
A1: Swag Labs (SauceDemo) — Requirements Traceability Matrix
A2: Manual Test Design | Application under test: https://www.saucedemo.com
A4: Requirement ID | B4: Feature | C4: Requirement Statement | D4: Test Scenario ID(s) | E4: Test Case ID(s) | F4: Test Level
A5: REQ-01 | B5: Authentication | C5: The system shall allow a registered user to log in with a valid username and password, and shall reject invalid, empty or locked-out credentials with a clear error message without granting access. | D5: TS-01, TS-02, TS-03 | E5: TC-01, TC-02, TC-03, TC-04, TC-05, TC-06 | F5: System
A6: REQ-02 | B6: Session & Access Control | C6: The system shall not allow any inventory, cart or checkout page to be opened without an authenticated session, and shall end the session when the user logs out. | D6: TS-04 | E6: TC-07, TC-08 | F6: System
A7: REQ-03 | B7: Product Browsing & Sorting | C7: The system shall display every product with its correct name, description, price and image, and shall let the user sort the list by name (A-Z, Z-A) and price (low-high, high-low). | D7: TS-05, TS-06 | E7: TC-09, TC-10, TC-11, TC-12, TC-13, TC-14 | F7: System
A8: REQ-04 | B8: Cart Management | C8: The system shall let the user add and remove products, keep the cart badge count accurate, and keep cart contents while the user navigates between pages. | D8: TS-07, TS-08 | E8: TC-15, TC-16, TC-17, TC-18, TC-19 | F8: System
A9: REQ-05 | B9: Checkout | C9: The system shall collect first name, last name and postal code before an order can proceed, validate missing fields, show a correct item total, tax and grand total, and confirm a completed order. | D9: TS-09, TS-10 | E9: TC-20, TC-21, TC-22, TC-23, TC-24, TC-25, TC-26, TC-27 | F9: System
A10: REQ-06 | B10: Menu, Logout & Reset | C10: The system shall provide a menu that allows the user to log out and to reset the application state (clearing the cart). | D10: TS-11 | E10: TC-28, TC-29 | F10: System

Sheet TestCases
A1: Test Scenarios & Detailed Test Cases
A2: Manual Testing Project | https://www.saucedemo.com | Standard users: standard_user, locked_out_user, problem_user (password: secret_sauce)
A4: Step A — High-Level Test Scenarios
A6: Scenario ID | B6: Linked REQ | C6: Test Scenario Description
A7: TS-01 | B7: REQ-01 | C7: Verify a user with valid credentials can log in and reach the product page.
A8: TS-02 | B8: REQ-01 | C8: Verify wrong, empty or differently-cased credentials are rejected with the correct error.
A9: TS-03 | B9: REQ-01 | C9: Verify a locked-out user cannot log in and sees the lock-out message.
A10: TS-04 | B10: REQ-02 | C10: Verify protected pages cannot be reached without logging in, including after logout.
A11: TS-05 | B11: REQ-03 | C11: Verify the product list and product detail page show complete and correct information.
A12: TS-06 | B12: REQ-03 | C12: Verify every sort option orders the products correctly.
A13: TS-07 | B13: REQ-04 | C13: Verify items can be added and removed and the cart badge stays accurate.
A14: TS-08 | B14: REQ-04 | C14: Verify cart contents are kept when the user navigates or refreshes.
A15: TS-09 | B15: REQ-05 | C15: Verify checkout validates missing and unusual input and blocks an empty-cart checkout.
A16: TS-10 | B16: REQ-05 | C16: Verify the order summary calculates totals correctly and a purchase can be completed.
A17: TS-11 | B17: REQ-06 | C17: Verify logout and Reset App State behave as expected from the menu.
A19: Step B — Detailed Test Cases
A20: ID | B20: Title | C20: REQ | D20: Scenario | E20: Type | F20: Priority | G20: Preconditions | H20: Test Data | I20: Steps | J20: Expected Result
A21: TC-01 | B21: Login with valid credentials | C21: REQ-01 | D21: TS-01 | E21: Positive | F21: High | G21: Browser open on https://www.saucedemo.com (login page); no user logged in. | H21: standard_user / secret_sauce | I21: 1. Enter the username. 2. Enter the password. 3. Click Login. | J21: User lands on the Products page (/inventory.html), the 'Products' heading and 6 items are shown.
A22: TC-02 | B22: Login with a wrong password | C22: REQ-01 | D22: TS-02 | E22: Negative | F22: High | G22: Browser open on https://www.saucedemo.com (login page); no user logged in. | H22: standard_user / wrong_pass | I22: 1. Enter the username. 2. Enter the wrong password. 3. Click Login. | J22: Login is refused, user stays on the login page, fields are highlighted and the message 'Epic sadface: Username and password do not match any user in this service' is displayed.
A23: TC-03 | B23: Login with an empty username | C23: REQ-01 | D23: TS-02 | E23: Negative | F23: Medium | G23: Browser open on https://www.saucedemo.com (login page); no user logged in. | H23: Username: (blank) | Password: secret_sauce | I23: 1. Leave the username empty. 2. Enter the password. 3. Click Login. | J23: Login is refused with the message 'Epic sadface: Username is required'.
A24: TC-04 | B24: Login with an empty password | C24: REQ-01 | D24: TS-02 | E24: Negative | F24: Medium | G24: Browser open on https://www.saucedemo.com (login page); no user logged in. | H24: Username: standard_user | Password: (blank) | I24: 1. Enter the username. 2. Leave the password empty. 3. Click Login. | J24: Login is refused with the message 'Epic sadface: Password is required'.
A25: TC-05 | B25: Login as the locked-out user | C25: REQ-01 | D25: TS-03 | E25: Negative | F25: High | G25: Browser open on https://www.saucedemo.com (login page); no user logged in. | H25: locked_out_user / secret_sauce | I25: 1. Enter the username. 2. Enter the password. 3. Click Login. | J25: Login is refused with the message 'Epic sadface: Sorry, this user has been locked out.'
A26: TC-06 | B26: Username is case sensitive | C26: REQ-01 | D26: TS-02 | E26: Boundary | F26: Low | G26: Browser open on https://www.saucedemo.com (login page); no user logged in. | H26: Standard_User / secret_sauce | I26: 1. Enter the username with capital letters. 2. Enter the password. 3. Click Login. | J26: Login is refused with the 'Username and password do not match any user in this service' message.
A27: TC-07 | B27: Open a protected page without logging in | C27: REQ-02 | D27: TS-04 | E27: Negative | F27: High | G27: Fresh browser session; user has never logged in. | H27: URL: https://www.saucedemo.com/inventory.html | I27: 1. Paste the inventory URL into the address bar. 2. Press Enter. | J27: User is sent to the login page and sees: "Epic sadface: You can only access '/inventory.html' when you are logged in."
A28: TC-08 | B28: Back button after logout does not reveal protected pages | C28: REQ-02 | D28: TS-04 | E28: Negative | F28: Medium | G28: Logged in as standard_user; on the Products page; cart is empty. | H28: standard_user / secret_sauce | I28: 1. Open the menu and click Logout. 2. Click the browser Back button. | J28: Protected product content is not displayed; user remains on the login page or is returned to it.
A29: TC-09 | B29: Product list shows complete information | C29: REQ-03 | D29: TS-05 | E29: Positive | F29: High | G29: Logged in as standard_user; on the Products page; cart is empty. | H29: standard_user / secret_sauce | I29: 1. Review the Products page. 2. Check every product card. | J29: 6 products are listed; each shows an image, name, description, price and an 'Add to cart' button.
A30: TC-10 | B30: Product images match product names (problem_user) | C30: REQ-03 | D30: TS-05 | E30: Positive | F30: Medium | G30: Browser open on https://www.saucedemo.com (login page); no user logged in. | H30: problem_user / secret_sauce | I30: 1. Log in as problem_user. 2. Compare each product image with its name and description. | J30: Every product shows its own correct image.
A31: TC-11 | B31: Sort by Price (low to high) | C31: REQ-03 | D31: TS-06 | E31: Positive | F31: High | G31: Logged in as standard_user; on the Products page; cart is empty. | H31: Sort option: Price (low to high) | I31: 1. Open the sort drop-down. 2. Select 'Price (low to high)'. | J31: Products are ordered $7.99, $9.99, $15.99, $15.99, $29.99, $49.99.
... A49: TC-29 | B49: Reset App State clears the cart | C49: REQ-06 | D49: TS-11 | E49: Positive | F49: Medium | G49: Logged in as standard_user; cart contains the items listed in Test Data. | H49: Cart: Backpack, Bike Light | I49: 1. Click the menu icon. 2. Click 'Reset App State'. 3. Check the cart badge and the product buttons. | J49: Cart is emptied, the badge disappears and every button reads 'Add to cart'.

Sheet Coverage
A1: Test Design Coverage Summary
A2: Calculated automatically from the TestCases and RTM tabs.
A4: Overview
A5: Metric | B5: Count
A6: Requirements | B6: =COUNTA(RTM!$A$5:$A$10) -> 6
A7: Test scenarios | B7: =COUNTA(TestCases!$A$7:$A$17) -> 11
A8: Detailed test cases | B8: =COUNTA(TestCases!$A$21:$A$49) -> 29
A10: Test Cases per Requirement
A11: Requirement | B11: Total | C11: Positive | D11: Negative | E11: Boundary
A12: REQ-01 — Authentication | B12: =COUNTIF(TestCases!$C$21:$C$49,"REQ-01") -> 6 | C12: =COUNTIFS(TestCases!$C$21:$C$49,"REQ-01",TestCases!$E$21:$E$49,"Positive") -> 1 | D12: =COUNTIFS(TestCases!$C$21:$C$49,"REQ-01",TestCases!$E$21:$E$49,"Negative") -> 4 | E12: =COUNTIFS(TestCases!$C$21:$C$49,"REQ-01",TestCases!$E$21:$E$49,"Boundary") -> 1
A13: REQ-02 — Session & Access Control | B13: =COUNTIF(TestCases!$C$21:$C$49,"REQ-02") -> 2 | C13: =COUNTIFS(TestCases!$C$21:$C$49,"REQ-02",TestCases!$E$21:$E$49,"Positive") -> 0 | D13: =COUNTIFS(TestCases!$C$21:$C$49,"REQ-02",TestCases!$E$21:$E$49,"Negative") -> 2 | E13: =COUNTIFS(TestCases!$C$21:$C$49,"REQ-02",TestCases!$E$21:$E$49,"Boundary") -> 0
A14: REQ-03 — Product Browsing & Sorting | B14: =COUNTIF(TestCases!$C$21:$C$49,"REQ-03") -> 6 | C14: =COUNTIFS(TestCases!$C$21:$C$49,"REQ-03",TestCases!$E$21:$E$49,"Positive") -> 6 | D14: =COUNTIFS(TestCases!$C$21:$C$49,"REQ-03",TestCases!$E$21:$E$49,"Negative") -> 0 | E14: =COUNTIFS(TestCases!$C$21:$C$49,"REQ-03",TestCases!$E$21:$E$49,"Boundary") -> 0
A15: REQ-04 — Cart Management | B15: =COUNTIF(TestCases!$C$21:$C$49,"REQ-04") -> 5 | C15: =COUNTIFS(TestCases!$C$21:$C$49,"REQ-04",TestCases!$E$21:$E$49,"Positive") -> 5 | D15: =COUNTIFS(TestCases!$C$21:$C$49,"REQ-04",TestCases!$E$21:$E$49,"Negative") -> 0 | E15: =COUNTIFS(TestCases!$C$21:$C$49,"REQ-04",TestCases!$E$21:$E$49,"Boundary") -> 0
A16: REQ-05 — Checkout | B16: =COUNTIF(TestCases!$C$21:$C$49,"REQ-05") -> 8 | C16: =COUNTIFS(TestCases!$C$21:$C$49,"REQ-05",TestCases!$E$21:$E$49,"Positive") -> 3 | D16: =COUNTIFS(TestCases!$C$21:$C$49,"REQ-05",TestCases!$E$21:$E$49,"Negative") -> 4 | E16: =COUNTIFS(TestCases!$C$21:$C$49,"REQ-05",TestCases!$E$21:$E$49,"Boundary") -> 1
A17: REQ-06 — Menu, Logout & Reset | B17: =COUNTIF(TestCases!$C$21:$C$49,"REQ-06") -> 2 | C17: =COUNTIFS(TestCases!$C$21:$C$49,"REQ-06",TestCases!$E$21:$E$49,"Positive") -> 2 | D17: =COUNTIFS(TestCases!$C$21:$C$49,"REQ-06",TestCases!$E$21:$E$49,"Negative") -> 0 | E17: =COUNTIFS(TestCases!$C$21:$C$49,"REQ-06",TestCases!$E$21:$E$49,"Boundary") -> 0
A18: Total | B18: =SUM(B12:B17) -> 29 | C18: =SUM(C12:C17) -> 17 | D18: =SUM(D12:D17) -> 10 | E18: =SUM(E12:E17) -> 2
A20: Test Cases by Priority
A21: Priority | B21: Count
A22: High | B22: =COUNTIF(TestCases!$F$21:$F$49,"High") -> 14
A23: Medium | B23: =COUNTIF(TestCases!$F$21:$F$49,"Medium") -> 12
A24: Low | B24: =COUNTIF(TestCases!$F$21:$F$49,"Low") -> 3
